Filter,Date,Description,Sub-description,Status,Type of Transaction,Amount
,2026-08-01,Example grocery market,Synthetic data,posted,Debit,84.25
,2026-08-03,Example cafe,Synthetic data,posted,Debit,16.50
,2026-08-07,Example internet bill,Synthetic data,posted,Debit,65.00
,2026-08-11,Example furniture shop,Synthetic data,posted,Debit,425.00
,2026-08-14,Example refund,Synthetic data,posted,Credit,-20.00
,2026-08-31,PAYMENT FROM - THANK YOU,Synthetic data,posted,Credit,-500.00
,2026-09-01,Example grocery market,Synthetic data,posted,Debit,92.75
,2026-09-02,Example restaurant,Synthetic data,posted,Debit,48.00
,2026-09-04,Example internet bill,Synthetic data,posted,Debit,65.00
